coarse,ommer,deliver
laughter,propiral,assume
circus,prot,expand
champion,varchary,describe
flower,hethlem,nourish
industry,velm,inspire
rain,recarthy,
chance,fleach,
glass,narvey,
cannon,uttle,
contents,het,
statue,niffy,
nectar,larped,
pretty,nate,
sphere,cobe,
jewels,sibe,
honey,chike,
gender,bame,
sunshine,terge,
custom,tempious,
grateful,hanty,
lantern,retrived,
storm,fline,
quality,thunning,
jelly,thoungle,
banner ,spouthed,
garden,blord,
volcano,antley,
nonsense,lunder,
shadow,poothing,
blond,welf,
kettle,dunge,
fireworks,phyde,
narcotic,hink,
festive,anter,
detail,delait,
truth,thirney,
toys,quallegy,
modest,chowel,
lawn,nustpad,
medicine,lask,
rabbit,extramous,
razor,lampertic,
delight,castened,
bathroom ,lunny,
ketchup,accouley,
noisy,soarce,
quick,wult,
plane,gung,
loyal,shrunnel,
idea,veaper,
alice,leem,
dustpan,famper,
sentiment,corren,
weapon,binter,
river,loogey,
pillow,umry,
busybody,blen,
humour,gassel,
rough,yate,
history,ornable,
museum,stip,
runner,ferrimental,
butter,diny,
engine,yone,
cyclone,antism,
building,neeple,
reptile,rozar,
spirit,ulcane,
bland,bosybudy,
pungent,strimpled,
poetry,timp,
locker,whently,
needle,tosset,
angel,chunts,
gymnast,swoth,
dancer,grall,
coast,vist,
jolly,sheffler,
reunion,dimp,
hospital,har,
barrel,zocker,
cliff,mollen,
basket,clane,
adult,harrin,
nursery,chault,
elegant,tury,
insect,bexor,
tamper,tace,
context,crench,
clock,phottle,
mystic,phelia,
excitement,baffen,
church,hilder,
movie,thade,
yellow,quitious,
adventure,depane,
curtains,dem,
heart,thatty,
python,inceived,
blasé,strawful,
cat,altess,
money,naughter,
humble,slarp,
pancakes,streed,
pistol,hile,
bandage,sarthy,
passion,penace,
justice,brant,
patient,preal,
priest,canchette,
unit,branly,
tool,chault,
